Name,Price
Kubík,80
Kossik,100
Vulgo,140
Azmew the Cat (Azu),140
Tatinek69(pokud by šlo),140
Kopyto,150
Mýval,150
maki,150
Myri,150
Gabe,190
vadim,190
Pajos,200
Luna Blue,200
Tesy,210
Marmeládka,230
Paddy,250
TomínoCZ,250
Lipofi,260
Majunka,270
VeproveKruti,280
Zampiik (čteno s ž),280
mára,290
Killer87k,290
MysticPaw,290
Genesis,290
Kate,290
Frosty,300
Honzus,300
uistite,300
bigpepik,300
Cutinka,300
Jane,300
Natyna,300
Lokus,300.1
Marwl,310
kwak,310
Brutus,320
Fylous,320
Lazar,320
Peak,320
dortomet,320
Kylu,320
Anty,330
Buzz,330
Dablik,330
Defender,330
Mirďas/Miro/Miras,330
Muffi,330
vnllace (vnlejs), vanilac, vanilka, woewa,330
Popo,340
fabiiii,340
PapaIte,350
Petr,350
Jinu,350
pekáč,350
DĚDA,350
Limetka,350
Kipek,350
Davcaaa,360
Paty,360
bob,360
kryyin,360
Susa,370
Astro aka kastrol xd,370
Skyvi,370
Šťov,370
ecto,380
Dark mistr,380
Houba,380
Kačka,380
Dizzy,390
Dave,390
Honza,390
R1sk,390
Sovaz,390
wends,390
Kuzatko,390
brta,390
xanax,390
Holub,400
Regen :3,400
Logas,400
Greya,400
Jelen,400
DOGUS,400
Hajhaci,400
Hazykx,400
Rabbit,400
Fluffy,400
Ladik,410
Maťo,410
Hiro,410
cosmmo,410
Dabša,410
Honyk,420
Leuv,430
Matuz,450
LonelyDave,450
Mordecay,450
Noli,450
jendaneq,460
Arashid,470
Kuly,470
Newt,470
Maximus,470
Misun,470
Kocour,480
Lukardo,480
Nugy,480
Tomzi,480
Unshaed (Unšed),480
Alco,490
Fixter,490
Chálec,490
Radek,490
Ásgaard,490
Klatik,490
Simba,490
Hyksak,490
klear,490
Morphed,500
sajox,500
Tomko,500
Undead,500
Tarky,510
Airy,510
Terka,510
asdon,520
Slix,520
ptks,530
Safo,530
Michalhk,540
Romča,540
Winník,540
Coupé (čte se Kůp),540
Dejvík nebo piňďa,540
Mlok,550
Mlenda,550
Predator,550
Lamicka,550
Reck (rek) Recktandor (rektandor),550
Theo,560
Tomi,560
Memi,560
megamat,570
Max,570
Buster Beaver,570
wodr,570
despe / despero,580
Lovecour,580
447,580
Lurkerc,580
Kubík,580
Kaspi,590
Hajnej,590
Kibear,590
Kryštof,590
letadlo,590
Vicky,590
Shifter,590
Špringy,590
Dreamerr,590
jirka kara,590
Domi,600
Polo,600
TooFast,600
Kosticka,600
NorTax,600
FIREYxz,600
Kikin,600
sejfik,600
Víťa,610
Jeníkk,610
Lenny,610
PitH16e,610
xLucker,610
Eleganta,620
Ernie,620
Drannarith,620
Reddy,620
Fráňa Šrámek,630
Dodo,630
Kousamek,630
ITmonster,640
Kargic,640
Tanzánský princ,650
ALT,650
exo,650
EnsU,650
Lagier,660
Tomii,660
miflond,660
Svoby,660
Marrted,670
Moreall,670
Glutch,680
Pislou,680
Rinzz,680
Maty,690
Dao,690
Sombre,690
Interor,700
Ládîk,700
SGooB,700
mabe,700